pk,Item_Description_Long,cleaned_description
1045543_5128206,OLD SMOKEHOUSE SUGAR CURED HALF SLAB BACON | BACON SLAB CC SUGAR CURE FRZN,Frozen sugar-cured half-slab bacon
1046638_871601,BACON SLICED APPLEWOOD SMOKED LAYOUT 18-22 CT | BACON 18/22 CT LAYOUT APPLEWOOD SMOKED | BACON L/O 18-22CT CC APPLWD SMKD,"Applewood-smoked sliced bacon, 18-22 slices per pound, layflat"
1048476_340834,OLD SMOKEHOUSE APPLEWOOD HALF SLAB BACON | APPLEWOOD SLAB BACON,Applewood-smoked half-slab and slab bacon.
1048476_9318544,OLD SMOKEHOUSE APPLEWOOD HALF SLAB BACON | BACON SLAB APWD OLD SMKHS UNSL,Applewood-smoked slab bacon
1050758_871631,BACON SLICED APPLEWOOD SMOKED LAYOUT 14-18 CT | BACON L/O 14-18CT CC APPLWD SMKD | BACON 14/18 CT L/O APPLEWOOD SMOKED,"Applewood-smoked sliced bacon, 14-18 slices per pound, layflat"
1052599_0322162,BACON CHERRYWOOD SMOKED SLAB | BACON SLAB CHERRYWOOD SMK,Cherrywood-smoked slab bacon
1060801_7156974,BACON SLICED APPLEWOOD SMOKED 16-20 CT | BACON SLICED APPLEWOOD SMKD | BACON 16/20 CT APPLEWOOD SMOKED SLICED,"Applewood-smoked sliced bacon, 16-20 slices per pound"
1068416_4389011,FRZ PRE-CKD BCN SAND STYLE 300 | BACON PRECOOKED SAND STY | BACON PRECOOKED,Frozen fully cooked sandwich-style bacon
1068416_509890,FRZ PRE-CKD BCN SAND STYLE 300 | BACON SAND STYLE CKD,Frozen pre-cooked sandwich-style bacon
1068416_8278905,FRZ PRE-CKD BCN SAND STYLE 300 | BACON  PORK CKD 150 CT SM,
1069200_5757051,"BACON PIECES COOKED GAS FLUSHED .375 IN | BACON BIT REAL CKD 3/8 GF | BACON BIT REAL COOKED GLUTEN FREE 3/8""""","Cooked gas‑flushed bacon pieces, .375‑inch; fully cooked gluten‑free bacon bits, 3/8‑inch."
1074090_2548162,"BACON BITS REAL GAS FLUSHED .75 IN | BACON BIT REAL COOKED GLUTEN FREE 3/4"""" | BACON BIT REAL CKD 3/4IN GF","Fully cooked gluten-free bacon bits, 3/4‑inch pieces"
1074395_132027,"BACON BITS CUBED .375X.375 | BACON 3/8"""" PRECOOKED DICED BITS","Fully cooked bacon bits, 3/8-inch pieces"
1079480_1073402,BACON SLICED SMOKED LAYFLAT 18-22 CT | BACON 18/22 CT LAYFLAT SMOKED | BACON LAYFLAT 18/22 SMOKED,"Sliced smoked bacon, 18-22 slices per pound, layflat"
11874182_130044,"BACN,BITS,FC,FINE,FL,2/5# | SHC BACON BITS FINELY DICED F/C",Fully cooked finely diced bacon bits.
11875208_5237187,"BCN,PL,SYS-CLC,BITS,2/5#,1/2"",FC,DICD,GF | BACON BIT REAL CKD 1/2 GF | BACON BIT REAL COOKED GLUTEN FREE 1/2""""","Fully cooked gluten-free bacon bits, 1/2-inch pieces"
11875213_5237170,"BCN,PL,SYS-CLC,FINE,2/5#,FC,GF | BACON BIT REAL COOKED FINE GLUTEN FREE | BACON BIT REAL CKD FINE GF",Fully cooked gluten-free fine-cut bacon bits
11881568_2477933,BACON SLICED APPLEWOOD COOKED 2 DIAMOND | BACON  PORK 150CT SLCD LA,
11881603_2771350,BACON SLICED COOKED | BACON  PORK CKD 150 LO NT,Fully cooked sliced bacon
11881624_7978364,BACON SLICED LAYOUT 18-22 CT | BACON  PORK 18-22 SLC LAI,"Sliced bacon, 18-22 slices per pound, layflat"
11881647_3660261,"BCN,PL,SYSUP,APLWD,1/15#,10-12C,CSMK,GF | BACON SLI COLD SMK APPLE 10-12 | BACON 10/12 CT SLICED APPLEWOOD COLD SMOKED","Applewood cold-smoked sliced bacon, 10-12 slices per pound, gluten-free."
12013198_5877198,"BCN,JM,18/22/SLC,POLY,1/15#,FZ | BACON SINGLE SLICE 18/22","Frozen sliced bacon, 18-22 slices per pound"
12038766_569188,"BACN,BITS,FC,SMFD,1/4IN,2/5# | BACON BIT 1/4IN FC | BACON BIT FULLY COOKED 1/4""""","Fully cooked bacon bits, 1/4-inch pieces."
12118586_1464702,"BCN,GC,2/5#,1/4"",TPG,MCRW | BACON TOPPING COOKED 1/4"""" | BACON TOPPING CKD",
12118698_3295858,"BCN,ARM,2/5#,3/4"",FLCK,TPG | BACON TOPPING REAL FC 3/4""""",
13847911_3134838,AWS SLCD BACN 14/18 | BACON 14/18 CT LAYFLAT APPLEWOOD GLUTEN FREE | BACON LAYFLAT 14/18 APPL GF,"Applewood-smoked sliced gluten-free bacon, 14-18 slices per pound, layflat"
13910062_AEM33432,"BCN,ARM,RDIGRLL,1/15#,FZ,14-18C,RAW | LUNCHMAKER TURKEY W/TREAT",
13911422_737810,GFS SLCD BACN 9/11 | BACON SLCD 9-11CT FRSH,"Raw sliced bacon, 9-11 slices per pound"
13941128_669543,HORMEL BACON 1 PERFECTLY COOKED 18/22 STYLE BACON | BACON CKD SLCD 18/22,"Cooked sliced bacon, 18-22 slices per pound"
14214745_7110727,"BCN,PL,ORG,APLWD,GHP,1/15#,14-17C,SLC,GF | BACON LAYFLAT APL GHP 14/17 GF",
14660380_7015410,JJ THCKR BACON CKD | BACON SLI APPLWD SMKD CKD,Cooked thick-cut sliced applewood-smoked bacon.
14847946_4539757,"BCN,ARM,2/5#,1/2"",FLCK,BITS | BACON BITS REAL FC 1/2""""","Fully cooked bacon bits, 1/2‑inch pieces"
14847946_873022,"BCN,ARM,2/5#,1/2"",FLCK,BITS | BACON TOPPING CKD 1/2IN DCD",
14856903_7119776,JMYD FC AWS SLCD BACN 4/150 | BACON PRECOOKED APPLWOOD 10 IN,"Fully cooked applewood-smoked sliced bacon, 10‑inch slices"
14956886_2010385,BACON SLICED LAYOUT BIG BUY 14-20 CT | BACON SLICED BULK BIG 14/20 CT,"Sliced bacon, 14-20 slices per pound, layflat"
15159204_7139078,HORMEL BACON1 PERFECTLY COOKED BACON HALF SLICES | BACON PRECOOKED BCN 1 576 CT,Fully cooked half-sliced bacon
15159204_803391,HORMEL BACON1 PERFECTLY COOKED BACON HALF SLICES | BACON CKD SLCD 18-22 | BACON CKD SLCD 18-22 HLF SLCD,"Fully cooked half-sliced bacon, 18-22 slices per pound"
15519450_7145064,"BCN,PL,ORG,GHP,1/15#,18-22C,SLC,AP | BACON LAYOUT HCK SMK 18/22 GHP",
15702202_323972,DI BACN PCE | BACON PCS DCD RAW,Raw diced bacon bits
16189032_8362024,BACON APPLEWOOD SMOKED SLAB | BACON SLAB APPLEWOOD SMKD,Applewood-smoked slab bacon
16366456_1020958,"BCN,ARM,SS,15#,18/22,GHP,FZ | BACON  PORK 18-22 CT LAID","Frozen sliced pork bacon, 18-22 slices per pound, layflat"
16366456_143956,"BCN,ARM,SS,15#,18/22,GHP,FZ | SHC BACON HICK SMKD 18/22 LAYOUT","Frozen sliced hickory-smoked bacon, 18-22 slices per pound, layflat"
16366456_7178478,"BCN,ARM,SS,15#,18/22,GHP,FZ | BACON 18X22 CT APPLEWOOD SMOKED SINGLE SLICED | BACON SINGLE SLI SMK 18/22 GHP","Frozen applewood-smoked sliced bacon, 18-22 slices per pound"
16413303_7117050,APPLEGATE NATURALS SUNDAY BACON UNCURED FOOD SERVICE | BACON SLI 14/18 NAT NAE P12/Q3,
16613989_FR138,"BCN,PL,RNGLN,HKRY,15#,18/22,SS,FZ | LAYOUT BACON 18/22","Frozen hickory-smoked sliced bacon, 18-22 slices per pound, layflat"
16624728_FR137,"BCN,PL,RNGLN,HKRY,15#,14/18,SS,FZ | LAYOUT BACON 14/18","Frozen hickory-smoked sliced bacon, 14-18 slices per pound, layflat"
16666904_7179597,NT HKY SMKD BULK BACN 9/INCH FZ | BACON BULK FRZN 9IN,Frozen hickory-smoked bacon
16724090_7179152,NT HKY SMKD THK SLCD BULK BACN 5/INCH FZ | BACON BULK SLI THCK HCKRY SMK,Frozen sliced thick hickory-smoked bacon
16781396_168985,FC DI BACN 2/5 LB | BACON PCS CKD SMKD 3/8IN,
16782126_7180159,"NT AWS BACN FPK 14/18, GF | BACON LAYFLAT 14/18 APPL GF",
16782499_260528,"FC BACN PCE 3/8"" | BACN PCS CKD HRDWD SMKD 3/8IN",
16782499_7179444,"FC BACN PCE 3/8"" | BACON PIECES COOKED","Fully cooked bacon pieces, 3/8‑inch pieces"
16827865_138925,FC HKY SMKD BACN REG SLCD GF | BACON SLCD HICKR SMKD CKD,Fully cooked gluten-free hickory-smoked sliced bacon
16827887_7179569,FC RND BACN 192 CNT | BACON SLI PRCK RND 192 CT,"Fully cooked sliced bacon, 192 slices per package"
17382057_1005842,"SYS 1005842 LYFLT 18/22SYSCO CLASSIC CENTER SLICED LAYFLAT BACON, 18/22 15#. | BACON LAYFLAT C/C 18/22 SMOKED","Raw cured sliced smoked bacon, 18-22 slices per pound, layflat"
17665633_7192482,OLD SMOKEHOUSE APPLEWOOD SMOKED BACON 13 17 SLICES PER POUND GCF | BACON LAYFLAT AW CC 13/17 PR12,"Applewood-smoked sliced bacon, 13-17 slices per pound, gluten-free, layflat"
17749676_7192405,HORMEL BLACK LABEL BACON 9 13 PIECES PER POUND GCF | BACON SLAB SLI 9/13 CT PR12,"Gluten-free sliced slab bacon, 9-13 slices per pound."
17756717_7192455,HORMEL GRIDDLEMASTER APPLEWOOD BACON 13 17 SLICES PER POUND WIDE SHINGLED GCF | BACON SLI APLWD 13/17CT PR12,"Applewood-smoked sliced bacon, 13-17 slices per pound"
17760606_7192480,HORMEL NATURAL CHOICE UNCURED BACON 13 17 SLICES PER POUND GCF | BACON LAYFLAT NT CC 13/17 PR12,
17801682_7192477,OLD SMOKEHOUSE PECANWOOD SMOKED BACON 9 13 SLICES PER POUND GCF | BACON LAYFLAT PCN CC 9/13 PR12,"Gluten-free pecanwood-smoked sliced bacon, 9-13 slices per pound, layflat"
17829804_7192484,HORMEL LAYOUT BACON 18 22 SLICES PER POUND GCF | BACON LAYFLAT CC 18/22 GF PR12,"Gluten-free sliced bacon, 18-22 slices per pound, layflat"
18306871_7191499,LAY FLAT BACON 18-22 PLUS | BACON LAYFLT 18/22 PR12/Q3 NA,"Sliced layflat bacon, 18-22 slices per pound."
18329755_7253549,HOTEL BACON 16/18 PLUS | BACON SHINGLE 16/18 PR12/Q3,"Sliced bacon, 16-18 slices per pound"
18375374_7081552,BACON 10/12 CT SLICED APPLEWOOD SMOKED FROZEN | BACON SLI APLWD SMK 10-12 FRZN,"Frozen sliced applewood-smoked bacon, 10-12 slices per pound."
18479273_7191495,LAY FLAT APPLEWOOD BACON 14/18 PLUS | BACON LAYFLT AW 14/18 PR12/NA,"Applewood-smoked sliced bacon, 14-18 slices per pound, layflat"
19391500_371233,JMYD FC BACN PCE 1/2 INCH 30 PCT 2/5LB | BACON PCS CKD 1/2IN,"Fully cooked bacon pieces, 1/2‑inch pieces"
19634875_7250470,HTF AW LAY FLAT BACON 10-14 | BACON LAYFLAT APLWD 10-14,"Applewood-smoked sliced bacon, 10-14 slices per pound, layflat"
19917774_4438083,BACON APPLEWOOD CUBED .5X.5 | BACON DICED SMKD APLWD,"Applewood-smoked cubed and diced bacon, 0.5 × 0.5‑inch pieces."
19918366_2548162,BACON BITS REAL GAS FLUSHED .75 IN | BACON BIT REAL CKD 3/4IN GF,
19918519_5757051,"BACON PIECES COOKED GAS FLUSHED .375 IN | BACON BIT REAL CKD 3/8 GF | BACON BIT REAL COOKED GLUTEN FREE 3/8""""",
19918591_5237187,BACON BITS REAL GLUTEN FREE .5 IN | BACON BIT REAL CKD 1/2 GF,"Fully cooked gluten-free bacon bits, 0.5‑inch pieces"
19918898_5237170,BACON BITS FINE REAL GLUTEN FREE | BACON BIT REAL COOKED FINE GLUTEN FREE | BACON BIT REAL CKD FINE GF,Fully cooked gluten-free fine bacon bits
19919392_686490,BACON SLICED APPLEWOOD SMOKED LAYOUT 14-18 CT | BACON 14/18 CT LAYOUT APPLEWOOD | BACON L/O 14-18CT CC APPLWD,"Applewood-smoked sliced bacon, 14-18 slices per pound, layflat"
19920364_788443,BACON APPLEWOOD SMOKED LAYOUT 18-22 CT | BACON L/O 14-18CT CC APPLWD SMKD,
20355205_383435,LAYOUT BACON 18/22 FTR | BACON LAYOUT 18/22,"Sliced bacon, 18-22 slices per pound, layflat"
20355205_7227919,LAYOUT BACON 18/22 FTR | BACON LAYOUT 18/22,"Raw sliced bacon, 18-22 slices per pound, layflat"
21103129_318151,"BACON BITS CUBED .375X.375 | BACON BIT DICED 3/8""""","Bacon bits, cubed 0.375 × 0.375 inch and diced 3/8‑inch pieces."
21307630_100120,BACON L/O 18-22CT DBL SMKD 3-5# GSIG | BACON L/O 18-22CT CC DBL SMKD,
21307813_354769,BACON THIN FULLY COOKED | BACON CKD THN SLCD,Fully cooked thin sliced bacon
21307813_7210615,BACON THIN FULLY COOKED,Fully cooked thin sliced bacon
21307815_332845,"BACON BIT 1/2"""" | BACON BIT 1/2IN","Bacon bits, 1/2-inch pieces"
21307818_332817,"BACON BIT COOKED REAL 1/4"""" | BACON BIT 1/4IN | BACON BIT 1/4""""","Fully cooked bacon bits, 1/4-inch pieces"
21309035_838012,BACON L/O 14-18CT DBL SMKD 3-5# GSIG | BACON L/O 14-18CT CC DBL SMKD,
21309037_838039,BACON L/O 9-11CT FRSH DBL SMKD 3-5# | BACON L/O 9-11CT CC DBL SMKD,
22090896_7253577,HTF LAY FLAT  BACON 18-22 PLUS STR | BACON 18/22 CT LAYFLAT PR12/Q3 | BACON LAYFLT 18/22 PR12/Q3,"Sliced bacon, 18-22 slices per pound, layflat"
22188002_7221842,8 AWS LFLT SLCD BACN 14/18 PR12 | BACON LAYFLT 14/18 APL GF PR12,
223191_125141,HORMEL FAST N EASY COOKED BACON 300 SLICE PER CASE | BACON CKD,"Fully cooked sliced bacon, 300 slices per case"
223191_2426070,HORMEL FAST N EASY COOKED BACON 300 SLICE PER CASE | BACON PRECOOKED SLI  SANDWICH,"Fully cooked sliced bacon, 300 slices per case"
223192_104396,HORMEL REGULAR COOKED 0 375 INCH BACON TOPPING | BACON TOPPING 3/8IN DCD,"Fully cooked diced bacon topping, 3/8‑inch pieces"
223192_1300219,HORMEL REGULAR COOKED 0 375 INCH BACON TOPPING | BACON TOPPING REG COOKED 3/8,"Fully cooked bacon topping, 3/8‑inch pieces"
223192_4350070,HORMEL REGULAR COOKED 0 375 INCH BACON TOPPING | BACON  PORK REAL DCD .38,"Fully cooked bacon bits,"
223202_1006022,HORMEL FAST N EASY BACON COOKED 300 SLICES PER CASE | BACON PRCK SLI FST&EASY REGLR,"Fully cooked sliced bacon, 300 slices per case"
223202_340833,HORMEL FAST N EASY BACON COOKED 300 SLICES PER CASE | BACON SLICED PRE-CKD,Fully cooked sliced bacon
223202_594954,HORMEL FAST N EASY BACON COOKED 300 SLICES PER CASE | BACON CKD FAST'N EASY,"Fully cooked sliced bacon, 300 slices per case"
223206_695459,OLD SMOKEHOUSE ORIGINAL BACON 18 22 SLICES PER POUND | BACON LAYOUT 18/22,"Sliced bacon, 18-22 slices per pound, layflat"
223213_433608,HORMEL FAST 'N EASY EXTRA COOKED BACON ROUND MEDIUM 192 SLICES PER CASE | BACON CKD RND,"Fully cooked round bacon, 192 slices per case"
223216_1005826,HORMEL LAYOUT BACON 18 22 SLICES PER POUND | BACON LAYFLAT C/C 18/22 SMK GF,
223216_132145,HORMEL LAYOUT BACON 18 22 SLICES PER POUND | BACON 18/22 LAYOUT,"Sliced bacon, 18-22 slices per pound, layflat"
223216_155756,HORMEL LAYOUT BACON 18 22 SLICES PER POUND | BACON LAYOUT 18/22,"Sliced bacon, 18-22 slices per pound, layflat"
223216_340876,HORMEL LAYOUT BACON 18 22 SLICES PER POUND | BACON SLICED 18-22 L/O,"Sliced bacon, 18-22 slices per pound, layflat"
223225_695432,OLD SMOKEHOUSE ORIGINAL BACON 13 17 SLICES PER POUND | BACON LAYOUT 13/17,"Sliced bacon, 13-17 slices per pound, layflat"
223247_093022,OLD SMOKEHOUSE APPLEWOOD SMOKED BACON 13 17 SLICES PER POUND | 32669 BACON HRML APPLEWOOD 13/17,"Applewood-smoked sliced bacon, 13-17 slices per pound"
223247_151165,OLD SMOKEHOUSE APPLEWOOD SMOKED BACON 13 17 SLICES PER POUND | BACON LAYOUT 13/17 APPLWD,"Applewood-smoked sliced bacon, 13-17 slices per pound, layflat"
223247_1724244,OLD SMOKEHOUSE APPLEWOOD SMOKED BACON 13 17 SLICES PER POUND | BACON LAYFLAT C/C 13/17 APL GF,"Gluten-free applewood-smoked sliced bacon, 13-17 slices per pound, layflat"
223247_340871,OLD SMOKEHOUSE APPLEWOOD SMOKED BACON 13 17 SLICES PER POUND | SMKD APLWOOD BACON 13-17 CT.,"Applewood-smoked sliced bacon, 13-17 slices per pound"
223253_1005909,HORMEL CANADIAN STYLE BACON | BACON CANADN STY HALF STICK NJ,Half-stick Canadian-style bacon
223253_200905,HORMEL CANADIAN STYLE BACON | BACON CANAD WHL | BACON CANAD WHL STIX,Canadian-style whole bacon sticks
223262_103780,HORMEL COUNTRY BRAND BACON 18 22 SLICES PER POUND WIDE SHINGLE | BACON LAYOUT 18/22 SMKD,"Smoked wide shingle sliced bacon, 18-22 slices per pound, layflat"
223282_1721356,HORMEL EXTRA COOKED 0 375 INCH BACON TOPPING | BACON PIECES EXTRA CKD 3/8IN,"Fully cooked bacon pieces, 3/8‑inch pieces"
223282_340902,HORMEL EXTRA COOKED 0 375 INCH BACON TOPPING | BACON BITS 3/8,"Fully cooked bacon bits, 3/8‑inch pieces"
223284_253197,OLD SMOKEHOUSE ORIGINAL BACON 9 13 SLICES PER POUND | BACON LAYOUT 9/13,"Sliced bacon, 9-13 slices per pound, layflat"
227621_365650,"BACON CUBED COOKED .25X.25 | BACON TOPPING CKD 1/4IN DCD | BACON COOKED DICED 1/4""""","Cooked bacon topping, 1/4‑inch diced cubes."
22955737_7020312,"BACON LAYER THICK SLICE 1/2"""" | BACON LAYER 1/2 THK CUT SLIC","Thick-cut sliced bacon, 1/2-inch slices"
22955740_0812248,BACON PRECOOKED SLICED | BACON PRECOOKED SLAB SLI (BLMP,Fully cooked sliced bacon and fully cooked slab bacon
22955759_7253373,BACON SLICED APPLEWOOD GAS FLUSHED SHINGLE 10-12 CT | BACON SHINGLE 10/12 AW GF PR12,
22955956_7036802,"BACON HC HRI 1/2"""" LAYER | BACON LAYFLAT C/C HONEY 1/2",
23003387_383434,APPLEWOOD SMOKED BACON  13/17 FTR | BACON SLCD APPLWD SMKD 13-17,"Applewood-smoked sliced bacon, 13-17 slices per pound"
23003387_7227923,APPLEWOOD SMOKED BACON  13/17 FTR | BACON LAYOUT 13/17 FTR,"Applewood-smoked sliced bacon, 13-17 slices per pound, layflat"
23739883_7061852,BACON IRISH STYLE BACK,Irish-style back bacon
23761992_7253377,BACON SLICED APPLEWOOD SMOKED GAS FLUSHED SHINGLE 14-16 CT | BACON SHINGLE 14/16 AW GF PR12,
23936134_233123,BACON SLAB WHOLE APPLEWOOD FZ | BACON SLAB WHL APPLWD FZ,Frozen applewood-smoked whole slab bacon
24355370_247685,BACON 18/22 CT LAYOUT HICKORY SMOKED | BACON L/O 18-22CT CC FZ,"Frozen hickory-smoked sliced bacon, 18-22 slices per pound, layflat"
24355620_522945,BACON L/O #2 FZ 15# P/L | BACON L/O #2 FZ CHEF'S CHC | BACON #2 LAYOUT FROZEN,"Frozen sliced bacon, layflat"
24542687_7253374,BACON SLICED APPLEWOOD LAYFLAT GAS FLUSHED PRIME12 14-16 CT | BACON LAYFLT 14/16 AW GF PR12,"Applewood-smoked sliced bacon, gluten-free, 14-16 slices per pound, layflat"
24587339_590495,BACON CKD THK SLCD,Fully cooked thick sliced bacon
24587340_314196,BACON CKD THN SLCD | BACON CKD MED SLCD,Fully cooked thin sliced bacon and fully cooked medium sliced bacon
24587341_874124,BACON CKD MED SLCD | BACON CKD THN SLCD,Fully cooked medium-sliced and thin-sliced bacon.
24890427_7256156,BACON | BACON MINCED AND MOIST LEVEL 5,"Minc

ed bacon"
24959978_491186,"BCN,SFD,PEPR-CRST,1/15#,LO,FZ | BACON SLCD PEPR CRSTD RTC","Frozen pepper-crusted sliced bacon, layflat"
25312536_ME56,BACON | MINCED & MOIST BACON,"Minc

ed moist bacon"
25470970_4174326,BACON BEEF SLICED HALAL | BEEF BACON SLI HALAL,"Sliced beef bacon, halal"
25678520_7222049,8 SYS SLCD SLAB HON BACN 14/16 15 LB | BACON SHINGLE 14/16 HNY PR12,
25742154_590495,BACON CKD THK SLCD,Fully cooked thick sliced bacon
25775000_2500791,BACON BEEF SLICED SMOKED HONEY CURED RAW | BACON BEEF SLAB SLICE,"Raw honey-cured smoked sliced bacon, slab bacon"
26116728_783491,BACON SMKD ENDS RNDM,
26167934_247669,BACON 18/22 CT SLICED | BACON SLCD ETE 18-22CT FZ,"Frozen sliced bacon, 18-22 slices per pound"
26167936_247677,BACON SLCD 14-16CT FZ 15# KE | BACON 14/16 CT SLICED FROZEN | BACON SLCD ETE 14-16CT FZ | BACON SLICED 14/16 CT FZ,"Frozen sliced bacon, 14-16 slices per pound"
26167937_432482,BACON SLCD ETE 14-18CT/#,"Sliced extra‑thick bacon, 14‑18 slices per pound"
263034_8514044,OLD SMOKEHOUSE MAPLE PEPPER BACON 13 17 SLICES PER POUND | BACON LAYFLAT C/C 13/17 MPLPPR,"Maple pepper sliced bacon, 13-17 slices per pound, layflat"
263052_1005818,HORMEL LAYOUT BACON 13 17 SLICES PER POUND | BACON LAYFLAT C/C 13/17 SMK GF,"Raw gluten-free smoked sliced bacon, 13-17 slices per pound, layflat"
263069_1637883,HORMEL WATER ADDED CANADIAN STYLE BACON WITH SIRLOIN | BACON CANADIAN STY HLF STCK WA,Water-added Canadian-style bacon with sirloin.
263080_0157479,OLD SMOKEHOUSE APPLEWOOD SMOKED BACON 13 17 SLICES PER POUND | BACON SLAB CC 13/17 APL SMK GF,"Gluten-free applewood-smoked slab bacon, 13-17 slices per pound."
263084_0244772,HORMEL HONEY CURED BACON 13 17 SLICES PER POUND WIDE SHINGLE | BACON LAYFLAT E/E 13/17 HNY GF,
263116_3601598,OLD SMOKEHOUSE APPLEWOOD SMOKED BACON 18 22 SLICES PER POUND | BACON LAYFLAT APPLE SMK 18/22,"Applewood-smoked sliced bacon, 18-22 slices per pound, layflat"
263160_0162560,HORMEL HONEY CURED BACON 18 22 SLICES PER POUND WIDE SHINGLE | BACON LAYFLAT E/E 18/22 HNY GF,"Honey-cured gluten-free sliced bacon, 18-22 slices per pound, layflat"
263169_132335,"HORMEL REGULAR COOK 0 5 INCH BACON TOPPING | TOPPING BACON 1/2"""" COOKED","Fully cooked sliced bacon topping, 1/2‑inch slices"
263169_1363282,HORMEL REGULAR COOK 0 5 INCH BACON TOPPING | BACON TOPPING REG COOKED 1/2,"Cooked bacon topping, 1/2-inch pieces"
263169_748160,HORMEL REGULAR COOK 0 5 INCH BACON TOPPING | BACON CKD 1/2IN DCD,"Fully cooked diced bacon, 1/2‑inch pieces"
263170_2055168,OLD SMOKEHOUSE APPLEWOOD SMOKED BACON 9 13 SLICES PER POUND | BACON LAYFLAT C/C 9/13 APL GF,"Gluten-free applewood-smoked sliced bacon, 9‑13 slices per pound, layflat."
263170_503020,OLD SMOKEHOUSE APPLEWOOD SMOKED BACON 9 13 SLICES PER POUND | BACON L/O APPLWD SMKD 9-13CT,"Applewood-smoked sliced bacon, 9-13 slices per pound, layflat"
263402_9065616,HORMEL FAST 'N EASY COOKED BACON LARGE ROUND | BACON  PORK CKD 144 CT RN,"Fully cooked large round bacon, 144 pieces"
263422_132086,HORMEL NATURAL CHOICE UNCURED BACON 13 17 SLICES PER POUND | BACON 1 13/17CT FULLY COOKED 288SLC,"Fully cooked uncured sliced bacon, 13-17 slices per pound."
263422_6518874,HORMEL NATURAL CHOICE UNCURED BACON 13 17 SLICES PER POUND | BACON LAYFLAT C/C 13/17 NAT GF,"Raw uncured sliced bacon, 13-17 slices per pound, gluten‑free, layflat"
263442_2145571,HORMEL CANADIAN STYLE BACON WITH SIRLOIN SLICED AND QUARTERED 10 SLICES PER OUNC | BACON CANADN STY WA SLI & QTRD,"Canadian-style sliced and quartered bacon, 10 slices per ounce"
263483_6218978,HORMEL EXTRA COOKED 0 5 INCH BACON TOPPING | BACON PCS CKD 1/2,"Fully cooked bacon pieces, 1/2-inch pieces"
263635_1086917,HORMEL FAST 'N EASY COOKED BACON MEDIUM ROUND | BACON PRECOOKED ROUND 3.5 INCH,"Fully cooked round bacon, 3.5‑inch diameter."
263643_7274228,OLD SMOKEHOUSE COOKED THICK BACON | BACON PRECOOKED THICK SLI SGR,Fully cooked sugar-cured thick sliced bacon
265530_1795780,HORMEL BLACK LABEL BACON 13 17 PIECES PER POUND | BACON SLAB CC 13/17 SMK BLK GF,"Gluten-free black-smoked slab bacon, 13-17 slices per pound."
268792_527562,HORMEL LAYOUT JALAPENO BACON 13 17 SLICES PER POUND | BACON JALAPENO 13/17,"Jalapeno sliced bacon, 13-17 slices per pound, layflat"
268792_6389692,HORMEL LAYOUT JALAPENO BACON 13 17 SLICES PER POUND | BACON LAYFLAT C/C 13/17 JAL FZ,"Frozen sliced jalapeño bacon, 13-17 slices per pound, layflat"
268792_9498221,HORMEL LAYOUT JALAPENO BACON 13 17 SLICES PER POUND | BACON LAYFLAT C/C 13/17 JAL GF,"Gluten-free jalapeno sliced bacon, 13-17 slices per pound, layflat"
26908547_408532,BACON ENDS  PCS RAW 10# INDKTCH | BACON ENDS  PCS RAW,Raw bacon ends
26908820_2552289,BACON SHINGLE C/C 9/11 SGR GF,
270610_1779842,HORMEL FAST N EASY COOKED THICK BACON 300 SLICES | BACON PRECOOKED THICK SLICED,Fully cooked thick sliced bacon
27069525_290993,BACON BIT REAL POUCH | BACON BIT REAL,Bacon bits
27069626_GEN06647,BACON FULLY COOKED,Fully cooked bacon
27106405_GPR01373,BACON CHEESEBURGER | CHEESEBURGER BACON ON BRIOCHE,Bacon cheeseburger with bacon on brioche bun
27107090_444964,BACON BEEF SLCS 4-2.5# | BACON BEEF SLCS,Sliced bacon
271427_1066174,HORMEL LAYOUT BACON 23 27 SLICES PER POUND | BACON LAYFLAT C/C 23/27 SMK GF,"Gluten-free smoked sliced bacon, 23-27 slices per pound, layflat"
272193_2418515,HORMEL EXTRA COOKED 1 0 INCH BACON TOPPING | BACON TOPPING EXTRA CKD 1 IN,"Fully cooked sliced bacon topping, 1‑inch pieces"
27363364_7360626,BAGEL BRANDS PRECKD BACON 1200 CT | BACON APPLEWOOD FC,Fully cooked applewood-smoked bacon
27541893_7301075,"BCN,SLCD,FC,RTE,GHP,2/1.72#,300C,GF | BACON PRECOOKED SLI SM GHP FRS | BACON PRECOOKED SLICED SM GHP FRESH",
27744319_486588,BACON DICED APPLEWOOD | BACON PCS CKD APPLWD,Fully cooked applewood-smoked diced bacon.
27769445_230904,BACON BITS IMIT | BACON BITS IMITATION,Imitation bacon bits
27901114_7260669,BACON SLI SMOKED CKD,Fully cooked smoked sliced bacon
27949020_7301791,8 SYS HKSM LFLT SLCD BACN 18/22 GF 15 LB | BACON LAYFLT 18/22 SMK GF PR12,
28064224_7047141,BEEF BACON CHIPPED CURED COOKED | BEEF BACON CHOPPED,"Cooked cured beef bacon, chopped"
28121378_2240046,BACON PORK REAL DICED .25  SMOKED CURED COOKED REF GAS FLUSHED | BACON  PORK END   PC REAL,"Cooked smoked-cured diced bacon, .25‑inch pieces"
282027_1073402,FRZ 1073402 REL LAYFLAT 18/22 | BACON 18/22 CT LAYFLAT SMOKED | BACON LAYFLAT 18/22 SMOKED,"Frozen smoked sliced bacon, 18-22 slices per pound, layflat"
282071_5886381,5886381 CLASSIC APLWD 14/18 | BACON 14/18 CT LAYFLAT APPLEWOOD GLUTEN FREE | BACON LAYFLAT C/C 14/18 APL GF | BACON 14/18 CT LAYFLAT APPLEWOOD GLUTEN FREE FROZEN,"Frozen gluten-free applewood-smoked sliced bacon, 14-18 slices per pound, layflat"
282081_5756893,5756893 CLASSIC PRCKD BCN HSMO | BACON PRECOOKED HEARTY SMOKED SLICED | BACON PRECOOKED REG SLI HRTYSM,Fully cooked smoked sliced bacon.
282113_1005750,FRZ 1005750 CLASSIC FLAT 14/18 | BACON LAYFLAT C/C 14/18 SMOKED,
282122_1005842,FRZ 1005842 CLASSIC LF 18/22 | BACON 18/22 CT C/C SMOKED LAYFLAT | BACON LAYFLAT C/C 18/22 SMOKED,"Frozen smoked sliced bacon, 18-22 slices per pound, layflat"
282140_5321427,SYS 5321427 SLAB BACNTEXAS SMOKED CENTER CUT SLICED SLAB BACON (18/22) 1/15# | BACON SLAB C/C 18/22 TX SMKD,"Center cut Texas-smoked sliced slab bacon, 18-22 slices per pound"
282148_1073402,SYS 1073402 LYFLT 18/22SYSCO RELIANCE 18/22 LAYFLAT BACON 15# | BACON 18/22 CT LAYFLAT SMOKED | BACON LAYFLAT 18/22 SMOKED,"Smoked sliced bacon, 18-22 slices per pound, layflat"
282156_1359413,"SYS 1359413 LYFLT BACNSYSCO CLASSIC TEXAS SMKD CTCT INDIVIDUAL SPACED, LAYFLAT BACON (14/18) 1/15# | BACON LAYFLAT CC 14/18 TX SMKD","Texas-smoked layflat sliced bacon, 14-18 slices per pound."
282160_1011790,SYS 1011790 SLAB BACNSYSCO RELIANCE TEXAS SMOKED SLICED SLAB BACON (14/18) 1/15# | BACON SLAB 14/18 TX SMK FZ,"Frozen Texas-smoked sliced slab bacon, 14-18 slices per pound"
282163_8928053,SYS 8928053 SLAB BACNSYSCO RELIANCE TEXAS SMOLED SLICED SLAB BACON (14/18) 1/30# | BACON SLAB SLI 14/18CT TX SMKD,"Texas-smoked sliced slab bacon, 14-18 slices per pound"
282204_2548162,"2548162 ARREZZIO BACON BITS | BACON BIT REAL COOKED GLUTEN FREE 3/4"""" | BACON BIT REAL CKD 3/4IN GF","Fully cooked gluten-free bacon bits, 3/4-inch pieces"
282210_6438545,SYS 6438545 FPK RANDSYSCO RANCH &  GRILL RANDOM CUT LAYFLAT BACON. 15# | BACON LAYFLAT RANDOM SMKD #2,
282310_5857679,5857679 SYS CLASSIC PRE-CKD | BACON PRECOOKED SLICED 24/26 | BACON PRECOOKED THICK SLICE,"Fully cooked sliced bacon, 24-26 slices per pound, and thick-slice bacon"
282450_5757051,"5757051 CLASSIC PRCK BACON TOP | BACON BIT REAL CKD 3/8 GF | BACON BIT REAL COOKED GLUTEN FREE 3/8""""","Fully cooked gluten-free bacon bits, 3/8‑inch pieces"
28245147_7312404,NATURALLY HARDWOOD SMOKED SLICED ROLLED PORK BELLY | PORK BELLY SMOKED SLICED ROLLED | PORK BELLY SMKD SLICED ROLLED,Hardwood-smoked sliced rolled pork belly bacon.
282462_1359405,SYS 1359405 LYFLT BACNSYSCO CLASSIC TEXAS SMOKED INDIVIDUAL SPACED LAYFLAT BACON 1/15# (18/22) | BACON LAYFLAT CC 18/22 TX SMKD,"Texas-smoked sliced layflat bacon, 18-22 slices per pound"
28283676_7253656,BACON SLAB FRUITWOOD SMOKED PR12 | BACON SLAB APPLEWOOD SMKD PR12,Fruitwood- and applewood-smoked slab bacon
282958_1345669,SYS 1345669 SLAB BACNCLASSIC TEXAS SMOKED CENTER CUT SLICED SLAB BACON (10/14) 1/15# | BACON SLAB C/C 10/14 TX SMOKED,"Raw center-cut sliced slab bacon, Texas-smoked"
283255_5886579,SYS 5886579 FPK 14/18SYSCO CLASSIC GRILL FRESH SLICED BACON 14/18. 2/10# | BACON LAYFLAT C/C 14/18 SMK GF,
283467_6725030,SYS 6725030 LYFLT BACNSYSCO CLASSIC TEXAS SMOKED INDIVIDUAL SPACED LAYFLAT BACON 1/15# (10/14) | BACON LAYFLAT CC 10/14 TX SMKD,"Texas-smoked sliced bacon, 10-14 slices per pound, layflat"
28363209_1151422,FRZ 1151422 REL LF 14/18 15LB | BACON 14/18 CT LAYFLAT E/E SMOKED,"Frozen sliced bacon, 14-18 slices per pound, layflat"
283845_1136779,FRZ 1136779 REL LAY FLAT 22/26 | BACON LAYFLAT 22/26 SMOKED | BACON 22/26 CT LAYFLAT SMOKED,"Frozen smoked sliced bacon, 22-26 slices per pound, layflat"
28386826_3792900,BACON 18/22 CT PORK LAID | BACON  PORK 18-22 SLCD LA,"Sliced pork bacon, 18-22 slices per pound, layflat"
28386828_4917134,ÒÒÒ,Bacon
28386833_4916987,BACON 18/22 CT PORK LAYOUT HICKORY SMOKED | BACON  PORK 18-22 SLCD LA,"Hickory-smoked sliced pork bacon, 18-22 slices per pound, layflat"
283959_1151422,SYS 1151422 LYFLT BACNSYSCO RELIANCE 14/18 INDIVIDUAL SPACED LAYFLAT BACON 15# | BACON LAYFLAT 14/18 SMOKED,"Raw smoked sliced bacon, 14-18 slices per pound, layflat"
284159_6191874,6191874 SYS CLS PRE-CKD THICK | BACON PRECOOKED XTHICK SLICE,Fully cooked extra thick sliced bacon
284286_8770034,FRZ SUG TWO STAR EZ 18/22 | BACON LAYOUT 18-22 CT,"Frozen sugar-cured sliced bacon, 18-22 slices per pound, layflat"
28452557_AAA03649,BACON EGG & CHEESE BOWL,Bacon egg and cheese bowl
28452781_499754,BACON BEEF SLCD | BACON BEEF SLICED,Sliced beef bacon
28458519_FR09,PRECOOKED BACON 300CT,"Fully cooked sliced bacon, 300 slices per pound"
284837_509902,FRZ BACON BITS DELUXE | BACON PCS DLX,Frozen bacon bits
284837_5604285,FRZ BACON BITS DELUXE | BACON  PORK REAL PC .38,"Frozen bacon bits, 3/8‑inch pieces"
284837_6343875,FRZ BACON BITS DELUXE | BACON BIT REAL PRECOOKED | BACON BIT PRCK REAL,Frozen fully cooked bacon bits
28499894_130043Z,"BACON, GM HARDWOOD SMKD W APPLE CIDER GF | (Z)BACON,GM HRDWD SMKD W APPLE CIDER GF","Hardwood-smoked bacon with apple cider flavor, gluten‑free."
28598550_7134848,BACON SLAB APPLEWD 10-12CT FRZ,"Frozen applewood-smoked slab bacon, 10-12 slices per pound."
28620699_FUQ37906,BACON SWEET ON THE GO,Sweet bacon
28660130_340950,HICKORY SMK BACON 18/22,"Hickory-smoked sliced bacon, 18-22 slices per pound"
28702453_ME47,PUREE BACON,Bacon puree
28705698_7389447,BACON BITS FC GOTOFOODS | BACON BIT FC GOTOFOODS,Fully cooked bacon bits
28774582_791252,BACON CRUMBLES CKD | BACON CRUMBLES COOKED,Fully cooked bacon crumbles
3016382_6438545,BACON SLICED LAYFLAT SMOKED #2 RANDOM | BACON LAYFLAT RANDOM SMKD #2 | BACON LAYFLAT RANDOM SMOKED SLICED #2,"Smoked sliced bacon, layflat."
308265_093056,HORMEL GRIDDLEMASTER APPLEWOOD BACON 13 17 SLICES PER POUND WIDE SHINGLED | 55253 BACON HRML APPLEWOOD GRIDDLMASTER,"Raw sliced wide shingled applewood-smoked bacon, 13-17 slices per pound"
308265_7557301,HORMEL GRIDDLEMASTER APPLEWOOD BACON 13 17 SLICES PER POUND WIDE SHINGLED | BACON LAYOUT APPLEWOOD 13/17,"Raw wide shingled sliced applewood-smoked bacon, 13-17 slices per pound, layflat."
308265_770581,HORMEL GRIDDLEMASTER APPLEWOOD BACON 13 17 SLICES PER POUND WIDE SHINGLED | BACON L/O 13/17 APPLWD GRDLMSTR,"Raw wide shingled sliced applewood-smoked bacon, 13-17 slices per pound, layflat"
312458_5916416,HORMEL GRIDDLEMASTER APPLEWOOD BACON 18 22 SLICES PER POUND WIDE SHINGLED | BACON  PORK 18-22 CT SLCD,"Applewood-smoked sliced bacon, 18-22 slices per pound, layflat"
312458_7351519,HORMEL GRIDDLEMASTER APPLEWOOD BACON 18 22 SLICES PER POUND WIDE SHINGLED | BACON LAYFLAT E/E 18/22 APL GF,"Raw sliced applewood-smoked bacon, 18-22 slices per pound, layflat"
312458_797170,HORMEL GRIDDLEMASTER APPLEWOOD BACON 18 22 SLICES PER POUND WIDE SHINGLED | BACON L/O 18/22 APPLWD,"Applewood-smoked sliced bacon, 18-22 slices per pound, layflat"
314311_3045333,FRZ SUG TWO STAR EZ 14/18 | BACON LAY FLAT SMKD 14-18CT,
317636_4085708,HORMEL NATURAL CHOICE UNCURED BACON 18 22 SLICES PER POUND | BACON LAYFLAT C/C 18/22 NTGF F,
317636_6943932,HORMEL NATURAL CHOICE UNCURED BACON 18 22 SLICES PER POUND | BACON LAYFLAT C/C 18/22 NAT GF,"Raw uncured sliced bacon, 18-22 slices per pound, gluten-free, layflat"
350512_GEN01983,BACON PRECOOKED SLI THICK | BACON SLICED,Fully cooked thick-cut sliced bacon
351955_1066588,"CHEF PLEASER BACON, 18/22 | BACON LAYFLAT C/C 18/22 SMK GF",
351955_2001402,"CHEF PLEASER BACON, 18/22 | BACON  PORK 18-22 CT LAID","Sliced bacon, 18-22 slices per pound, layflat"
353557_704161,BACON SLAB SLI 16/18 CT FRZN | BACON 16/18 CT SLAB HARDWOOD SMOKED SLICED,"Frozen sliced slab bacon, hardwood-smoked, 16-18 slices per pound"
354190_7119854,OLD SMOKEHOUSE APPLEWOOD SMOKED BACON 15 19 SLICES PER POUND | BACON LAYOUT APLWD 15/19 SMKHS,"Applewood-smoked sliced bacon, 15-19 slices per pound, layflat"
354206_6906053,BW SMOKEY BACON 16-18 | BACON LAYFLAT #2 APPLEWOOD SMK,"Applewood-smoked sliced bacon, 16-18 slices per pound, layflat"
357811_1894831,"CHEF PLEASER BACON, 14/18 | BACON 14/18 CT SMOKED RAW LAYOUT","Raw smoked sliced bacon, 14-18 slices per pound, layflat"
361224_7347941,"BACON ENDS, 10# BOX | BACON ENDS & PIECES RAW SMKD",Raw smoked bacon ends and pieces
3675475_TY83,TYS FC TS BACN 300 CNT | P/C BACON 300CT 018741,"Fully cooked bacon, 300 pieces"
3675954_132159,TYS FC AWS BACN 3/100 | BACON APPLEWOOD SMOKED FC 300 PC,
4289323_5886381,SYS 5886381 APLEWD BACNSYSCO CLS GRILL FRESH APPLEWOOD SMOKED SLICED BACON 14/18 2/10# | BACON LAYFLAT C/C 14/18 APL GF,
480446_7765233,BACON SLICED COOKED THICK | BACON PRECOOKED SLAB SLI THK,Fully cooked thick sliced bacon
480465_1581263,BACON SLICED HONEY CURED 18-20 CT | BACON SHINGLE C/C 18/20 HNY,"Honey-cured sliced bacon, 18-20 slices per pound"
481520_1886514,BACON SLICED HONEY CURED SHINGLE 14-16 CT | BACON SHINGLE C/C 14/16 HNY,"Honey-cured shingle-cut sliced bacon, 14-16 slices per pound"
483087_7717614,BACON SLICED HONEY CURED 10-12 CT | BACON SHINGLE C/C 10/12 HNY,"Honey-cured sliced bacon, 10-12 slices per pound."
483236_3919610,BACON SLICED APPLE SMOKED GAS FLUSHED 10-12 CT | BACON SHINGLE C/C 10/12 APL GF,
483389_2666493,BACON SLICED PEPPERED .1875 IN | BACON SHINGLE C/C 10/12 PPR,
483617_0868836,BACON SLICED APPLEWOOD SMOKED 14-18 CT | BACON LAYFLAT C/C 14/18 APL GF,"Gluten-free applewood-smoked sliced bacon, 14-18 slices per pound, layflat"
483750_9092438,BACON SLICED HONEY CURED LAYOUT 14-16 CT | BACON LAYFLAT C/C 14/16 HNY,"Honey-cured sliced bacon, 14-16 slices per pound, layflat"
483856_9090366,BACON SLICED SUGAR CURED 14-16 CT | BACON SHINGLE C/C 14/16 SGR,"Sugar-cured sliced and shingle bacon, 14-16 slices per pound"
484497_2586196,BACON SLICED CENTER CUT 8-10 CT | BACON SHINGLE C/C 8/10 HNY GF,
484889_2133940,BACON SLICED LAYFLAT 14-16 CT | BACON LAYFLAT 14/16CT,"Sliced bacon, 14-16 slices per pound, layflat"
486215_9965906,BACON SLICED APPLEWOOD SMOKED 14-16 CT | BACON LAYFLAT C/C 14/16 APL FZ,
486609_7566532,BACON SLICED COOKED 10-12 CT | BACON PRECOOKED SLI THICK 2XX,"Fully cooked thick sliced bacon, 10-12 slices per pound"
487650_1838028,BACON SLICED SHINGLE 12-14 CT | BACON SHINGLE C/C 12/14 HNY,
4876686_2281451,"WRGHT 14/18 BACN 30 LB14/18 BULK BACON NATURAL HICKORY SMOKED, SLICED.  30# | BACON HCKRY SMKD SLI 14/18CT","Natural hickory-smoked sliced bacon, 14-18 slices per pound."
487758_0120055,BACON SLICED APPLEWOOD SMOKED LAYOUT 12-14 CT | BACON SHINGLE C/C 12/14 APL GF,
490383_0371013,BACON SLICED SLAB COOKED | BACON PRECOOKED SLAB SLI REG,Fully cooked sliced slab bacon
491618_9192766,BACON SLICED SUGAR CURED LAYOUT 10-12 CT | BACON LAYER 10/12 SUGAR CURED,"Sugar-cured sliced bacon, 10-12 slices per pound, layflat"
492595_5216221,BACON SLICED APPLEWOOD SMOKED LAYOUT 10-14 CT | BACON LAYFLAT C/C 10/14 APL GF,
493020_0587907,BACON CHIP CUBED REGULAR .375X.375 | BACON  PORK REAL DCD .38,"Cubed bacon chips, 0.375 × 0.375‑inch pieces"
493020_7538275,BACON CHIP CUBED REGULAR .375X.375 | BACON CHIP 3/8CKD DICED REG,"Fully cooked diced bacon chips, 3/8-inch pieces"
507889_2536555,25365555 SYSCO PRECKD 32/36 | BACON PRECOOKED REGULAR SLICE | BACON PRECOOKED SLICED 32/36,"Fully cooked sliced bacon, 32-36 slices per pound."
508164_5757184,FRZ 5757184 REL SLAB 14/18 15# | BACON SLAB 14/18 SMOKED | BACON 14/18 CT SLAB SLICED,"Frozen smoked slab bacon, 14-18 slices per pound."
508552_5886579,5886579 CLASSIC GRL/FRSH 14/18 | BACON LAYFLAT C/C 14/18 SMK GF,"Fresh gluten-free sliced bacon, 14-18 slices per pound, layflat"
512608_7054168,BACON APPLEWOOD SMOKED SLAB | BACON SLAB APPLEWOOD SMK FZN,Frozen applewood-smoked slab bacon
512608_9210071,BACON APPLEWOOD SMOKED SLAB | BACON SLAB APPLE SMOKED,Applewood-smoked slab bacon
515453_3777570,BACON SLICED WESTERN JEWEL .25 IN | BACON SHINGLE C/C 7/9 HNY GF,
544206_660362,OLD SMOKEHOUSE APPLEWOOD SMOKED BACON 9 13 SLICES PER POUND | BACON APPLWD SMKD 9/13,"Applewood-smoked sliced bacon, 9-13 slices per pound."
547233_7434125,GR BACON  9-11 CT 1/15 LB | BACON LAYFLAT 9/11CT FRZN,
555363_7406630,BACON CUBED COOKED .75X.75 | BACON DICED PRCK 3/4,"Cooked cubed bacon, 0.75 × 0.75‑inch pieces, and diced bacon, 3/4‑inch pieces."
5773860_0278552,FRZ JR APPLEWOOD 14/18 SLAB | BACON SLICED APLWD SLAB 14/18,"Frozen applewood-smoked sliced slab bacon, 14-18 slices per pound"
581443_7716731,BACON PCS PPRD 3/8,"Bacon pieces, 3/8‑inch pieces"
581616_0108247,"BACON SLAB SLI 1/4"" APPLEWOOD | BACON SLAB SLI 1/4 APLWD","Applewood-smoked slab sliced bacon, 1/4‑inch slices"
582143_0373090,OLD SMOKEHOUSE PECANWOOD SMOKED BACON 13 17 SLICES PER POUND | BACON LAYFLAT C/C 13/17 PCN GF,"Pecanwood-smoked sliced bacon, 13-17 slices per pound, gluten-free, layflat"
582143_155971,OLD SMOKEHOUSE PECANWOOD SMOKED BACON 13 17 SLICES PER POUND | BACON L/O 13/17 PECAN SMKD,"Pecanwood-smoked sliced bacon, 13-17 slices per pound, layflat"
613828_814781,"BACON COOKED DICED .5 IN | BACON TOPPING CKD 1/2IN DCD | BACON TOPPING DICED COOKED 1/2""""","Fully cooked diced bacon, 1/2‑inch pieces, topping."
622413_9174145,10 LB CWA BULK BACN10 LBS SLICED BACON (PORK) BULK | BACON SLAB RANDOM SMOKED #2,
622416_7741960,WRGHT FPK BACN 15 LB FZNATURAL HICKORY SMOKED REGULAR FLAT PACK BACON. 15# FROZEN | BACON LAYFLAT 14/18 CT,"Frozen sliced hickory-smoked bacon, 14-18 slices per pound, layflat"
6265040_236630,HORMEL BACON 1 PERFECTLY COOKED 20/24 STYLE BACON | BACON SMKD CKD 20/24,"Fully cooked smoked sliced bacon, 20-24 slices per pound"
6265040_9906988,HORMEL BACON 1 PERFECTLY COOKED 20/24 STYLE BACON | BACON PRECOOKED BCN1 20/24,"Fully cooked sliced bacon, 20-24 slices per pound"
634511_9461930,PRE-COOK BACON RND 2/2 LB | BACON PRECOOKED RND SLI,Fully cooked round sliced bacon
661529_0390122,APPLEWOOD EXTRA SMK GF SLAB | BACON SLAB APLEWD 14/16CT,"Gluten-free applewood-smoked slab bacon, 14-16 slices per pound"
682672_0855086,SYS 0855086 SLAB 14/16SYSCO CLASSIC BACON CENTER CUT SHINGLE 14/16 CT HONEY 1/15 LBS. | BACON SHINGLE C/C 14/16 HNY GF,
690079_0855195,SYS 0855195 HON 10/12SYSCO CLASSIC BACON CENTER CUT SHINGLE HONEY 10/12 CT 1/15 LB | BACON SHINGLE C/C 10/12 HNY GF,"Raw honey-glazed center cut shingle bacon, gluten-free, 10-12 slices per pound"
694815_1210758,BACON SLICED DEEP APPLEWOOD SMOKED 16-18 CT | BACON SLICED DP AP/SMK 16/18,"Applewood-smoked sliced bacon, 16-18 slices per pound"
820770_2836975,HORMEL BACON 1 PERFECTLY COOKED 13/17 STYLE BACON | BACON PRECOOKED C/C 13/17 BCN1,"Fully cooked sliced bacon, 13-17 slices per pound"
820770_340827,HORMEL BACON 1 PERFECTLY COOKED 13/17 STYLE BACON | BACON1 13/17 CT.,"Fully cooked sliced bacon, 13-17 slices per pound."
820770_623522,HORMEL BACON 1 PERFECTLY COOKED 13/17 STYLE BACON | BACON SMKD CKD 13-17,"Fully cooked smoked bacon, 13-17 slices per pound."
822335_2836980,HORMEL BACON 1 PERFECTLY COOKED 18/22 STYLE BACON | BACON PRECOOKED BACON1 18/22,"Fully cooked sliced bacon, 18-22 slices per pound."
822335_623491,HORMEL BACON 1 PERFECTLY COOKED 18/22 STYLE BACON | BACON SMKD CKD 18-22,"Fully cooked sliced bacon, 18-22 slices per pound."
822335_8767287,HORMEL BACON 1 PERFECTLY COOKED 18/22 STYLE BACON | BACON  PORK 144 CT REF 18,"Fully cooked sliced bacon, 18-22 slices per pound"
828331_736767,GFS SLCD BACN 18/22 | BACON SLCD 18-22CT FRSH,"Fresh gluten-free sliced bacon, 18-22 slices per pound."
8418511_7081822,BACON SLICED RAW APLWD | BACON SLICED RAW APLWD 9/13 SL,"Raw sliced applewood-smoked bacon, 9-13 slices per pound."
8418702_100690,FARMLAND HEAT N EAT SL BACON | BACON SLICED FC,Fully cooked sliced bacon
8418702_1165745,FARMLAND HEAT N EAT SL BACON | BACON  PORK 150 CT SLCD L,"Sliced bacon, 150 slices per pound, layflat"
8418702_2145241,FARMLAND HEAT N EAT SL BACON | BACON PRECOOKED SLI HEAT & EAT,Fully cooked sliced bacon
8418702_596341,FARMLAND HEAT N EAT SL BACON | BACON SLCD CKD,Fully cooked sliced bacon
8418712_0090811,"BCN,FL,BM,2/1.25#,300C,FLCK,SLCD | BACON LAYFLAT PRCK",
8418712_220008,"BCN,FL,BM,2/1.25#,300C,FLCK,SLCD | BACON FULLY CKD HEAT N SERVE",
8418712_281091,"BCN,FL,BM,2/1.25#,300C,FLCK,SLCD | BACON LAID-OUT FC","Fully cooked sliced bacon, layflat"
8418727_8204517,"BACN,SS,SILVER,18/22,15#,Z | BACON LAYFLAT 18/22","Sliced bacon, 18-22 slices"
8418727_8935421,"BACN,SS,SILVER,18/22,15#,Z | BACON  PORK 18-22 CT SLCD","Sliced bacon, 18-22 slices per pound"
8418772_4965845,"BCN,PCI,2/5#,1/2"",TPG,MCRW | BACON TOPPING CKD 1/2 IN","Fully cooked bacon topping, 1/2-inch pieces"
8418793_132096,"BCN,JM,APLWD,14/17/SLC,GF,1/15# | BACON 14/16 APPLEWOOD GAS FLSHD RAW",
8418793_5543610,"BCN,JM,APLWD,14/17/SLC,GF,1/15# | BACON LAYFLAT 14/17 APPLE G | BACON 14/17 CT APPLEWOOD SMOKED SINGLE SHINGLE",
8418793_6453987,"BCN,JM,APLWD,14/17/SLC,GF,1/15# | BACON LAYFLAT 14/17 APLE GF FZ","Frozen gluten-free applewood-smoked sliced bacon, 14-17 slices per pound, layflat"
8418793_654111,"BCN,JM,APLWD,14/17/SLC,GF,1/15# | BACON 14/17 CT APPLEWOOD SMOKED SINGLE SHINGLE","Gluten-free applewood-smoked sliced bacon, 14-17 slices per pound"
8418800_3196599,"BCN,FL,2/2.5#,150C,.5Z,RW | BACON PRECOOKED SLI THICK DLX",
8418802_1884067,"BCN,PL,FL,BITS,FINE,2/5# | BACON  PORK REAL CHIP DCD",
8418802_4551255,"BCN,PL,FL,BITS,FINE,2/5# | BACON BIT FINE REAL | BACON BITS FINE FC",Fully cooked fine bacon bits
8418802_596541,"BCN,PL,FL,BITS,FINE,2/5# | BACON BIT CKD 3/16IN","Fully cooked bacon bits, 3/16-inch pieces"
8418803_8902480,"BACN,DICED,RDY TO COOK,3/10#,Z | BACON DICED ENDS & PIECES RAW 1/2""""","Ready-to-cook diced bacon; raw diced bacon ends and pieces, 1/2‑inch pieces"
8418805_8919084,"BACN,DICED,RDY TO COOK,2/5#,Z | BACON END & PCS DICED | BACON DICED READY TO COOK FROZEN",Frozen ready-to-cook diced bacon
8418935_6346898,"BCN,PL,FL,2C,5#,BITS | BACON BIT FC 1/4"""" | BACON BIT CKD REAL","Fully cooked bacon bits, 1/4-inch pieces"
8419095_7700323,"BCN,GC,APLWD,SMKD,2/5#,TPG | BACON TOPPING APPLEWOOD SMOKED FC 3/8"""" | BACON TOPPING FULLY CKD","Fully cooked applewood-smoked bacon topping bits, 3/8-inch pieces"
8419127_117621,"BACN,SS,LS,GM,18/22,GF,15#,Z | BACON LO SOD SLCD 18/22","Gluten-free low-sodium sliced bacon, 18-22 slices per pound, layflat"
8419127_4845220,"BACN,SS,LS,GM,18/22,GF,15#,Z | BACON LAYFLAT C/C 18/22 LS",
8419156_3949791,"BACN,SS,APLWD LOG,SMFD-PLAT,10/14,GF,15# | BACON LAYFLAT APL LOG 10/14 GF",
8419156_899186,"BACN,SS,APLWD LOG,SMFD-PLAT,10/14,GF,15# | BACON L/O 10-14CT APPLWD LOG SMKD | BACON 10/14 CT LAYFLAT APPLEWOOD LOG SMOKED",
8419166_2050581,"BCN,FL,RMP,1/15#,SS,GRDOUT,FZ | BACON 18/22 CT SINGLE SLICE IRREGULAR #2",
8419168_5543233,"BACN,SS,SM,14/18,15#,Z | BACON SINGLE SLI 14/18 FRZN | BACON 14/18 CT SINGLE SLICE 70247158247",
8419168_596321,"BACN,SS,SM,14/18,15#,Z | BACON 14/18 CT SINGLE SLICE 70247158247","Smoked sliced bacon, 14-18"
8419168_FR31,"BACN,SS,SM,14/18,15#,Z | 14/18CT RAW LAYOUT BACON","Raw smoked sliced bacon, 14-18 slices per"
8419169_340930,"BCN,FL,SMD,1/15#,18-22SL/#,FZ | BACON SLICED 18-22 LO","Frozen sliced bacon, 18-22 slices"
8419169_4567210,"BCN,FL,SMD,1/15#,18-22SL/#,FZ | BACON 18/22 CT LAYOUT SINGLE SLICED GLUTEN-FREE | BACON LAYOUT 18/22 SLVR MEDAL","Frozen gluten-free sliced bacon, 18-22 slices per pound, layflat"
8419169_600760,"BCN,FL,SMD,1/15#,18-22SL/#,FZ | BACON 18/22 CT LAYOUT SINGLE SLICED GLUTEN-FREE | BACON LAID-OUT 18/22 SLVR","Frozen gluten-free sliced bacon, 18-22 slices per pound, layflat"
8419170_4873079,"BACN,SS,SM,22/26,15#,Z | BACON LAYOUT SLI 22/26 FRZN",
8419185_6177982,"BACN,SS,GM,14/18,GF,15# | BACON LAYFLAT 14/18 GOLD MEDL",
8419186_561268,"BACN,SS,SM,18/22,GF,15# | BACON SSL 18-22 | BACON 18/22 CT SINGLE SLICE GAS FLUSHED",Gluten
8419197_6702302,"BACN,HRI,NW-SM,10/14,GF,15# | BACON 10/14 CT HRI NORTHWEST GLUTEN-FREE","Gluten-free Northwest-smoked sliced bacon, 10-14 slices per pound."
8419204_5518865,"BACN,SS,APL-CDR,GM,18/22,GF,15# | BACON 18/22 CT APPLE-CIDER SINGLE SLICE",
8419205_543831,"BACN,SS,APL-CDR,GM,14/18,GF,15# | BACON L/O APPL CIDER SMKD 14/18CT | BACON 14/18 CT APPLE CIDER SINGLE SLICE",
8419205_5518626,"BACN,SS,APL-CDR,GM,14/18,GF,15# | BACON LAYFLAT CC 14/18 APL CDR",
8419208_325496,"BACN,SS,APL-CDR,GM,10/14,GF,15# | BACON L/O APPL CIDER SMKD 10-14 | BACON 10/14 CT APPLE-CIDER SINGLE SLICE",
8419208_6005029,"BACN,SS,APL-CDR,GM,10/14,GF,15# | BACON LAYFLAT EE 10/14 APL CDR | BACON 10/14 CT APPLE-CIDER SINGLE SLICE","Gluten-free sliced apple‑cider smoked bacon, 10‑14 slices per pound, layflat"
8419209_0270116,"BACN,ENDS&PCS,15#,Z | BACON ENDS & PIECES",Bacon ends and pieces
8419214_848061,"BACN,SS,APLWD SMKD,SM,14/18,GF,15#,Z | BACON APPLEWOOD SSL 14/18",
8419214_8956908,"BACN,SS,APLWD SMKD,SM,14/18,GF,15#,Z | BACON 14/18 CT APPLEWOOD SMOKED SINGLE SLICE | BACON SINGLE SLI APLWD 14/18",
8419215_427722,"BACN,SS,APLWD SMKD,SM,18/22,GF,15#,Z | BACON SSL APPLWD SMKD 18-22CT",
8419215_8702928,"BACN,SS,APLWD SMKD,SM,18/22,GF,15#,Z | BACON LAYFLAT CC 18/22 APL SMK",
8419216_8927434,"BACN,SS,UNCURED,SM,13/17,GF,15# | BACON SINGLE SLI UNCURE 13/17","Raw uncured sliced bacon, 13-17 slices per pound, gluten‑free"
843348_1689783,BACON APPLEWOOD SMOKED SLAB | BACON SLAB APPLEWOOD SMOKED,Applewood-smoked slab bacon
846530_3186899,HORMEL BACON 1 ALL NATURAL PERFECTLY COOKED 13/17 STYLE BACON | BACON PRCK C/C 13/17 BCN1 NAT,"Fully cooked all‑natural sliced bacon, 13‑17 slices per pound."
846695_7829334,BACON PEPPERED BULK,Peppered bulk bacon
847499_3162379,HORMEL BACON 1 ALL NATURAL PERFECTLY COOKED 18/22 STYLE BACON | BACON PRCK C/C 18/22 BCN1 NAT,"Fully cooked sliced bacon, 18-22 slices per pound"
857312_3209653,3209653 BACN E&P | BACON END & PCS,Bacon end and pieces
896346_1155960,BACON TOPPING NAT CKD W COA | BACON  PORK BELLY REAL BI,
896346_3859453,BACON TOPPING NAT CKD W COA | BACON TOPPING NAT CKD W/COA,"Cooked natural bacon topping, with coating"
898500_3881214,BACON CANADIAN LOIN BONELESS | BACON CANADIAN APPLEWOOD,"Boneless Canadian loin bacon, applewood-smoked"
909119_247685,BACON SLICED LAYOUT 18-22 CT | BACON 18/22 CT LAYOUT HICKORY SMOKED | BACON L/O 18-22CT CC FZ,"Frozen hickory-smoked sliced bacon, 18-22 slices per pound, layflat"
909254_530239,BACON SLICED LAYOUT 18-22 CT | BACON L/O 18-22CT CC HRDWD SMKD FRSH | BACON 18/22 CT L/O FRESH,"Fresh sliced bacon, 18-22 slices per pound, hardwood-smoked, layflat"
909305_599573,BACON SLICED LAYOUT 14-18 CT | BACON L/O 14-18CT CC FRSH | BACON L/O 14-18CT FRSH | BACON 14/18 CT L/O FRESH,"Fresh sliced bacon, 14-18 slices per pound, layflat"
909306_247693,BACON SLICED LAYOUT 22-26 CT | BACON L/O 22-26CT CC HICKORY SMKD FZ,"Frozen hickory-smoked sliced bacon, 22-26 slices per pound, layflat"
909341_326283,BACON SLICED LAYOUT 14-18 CT | BACON 14/18 CT LAYOUT FZ | BACON L/O 14-18CT CC FZ,"Frozen sliced bacon, 14-18 slices per pound, layflat"
914883_586099,BACON SLICED LAYOUT 9-11 CT | BACON L/O 9-11CT CC FRSH | BACON 09/11 CT LAYOUT FRESH,"Fresh sliced bacon, 9-11 slices per pound, layflat"
915377_0936680,BACON SLICED HONEY CURED CENTER CUT LAYFLAT 10-12 CT | BACON LAYFLAT C/C 10/12 HNY GF,"Honey-cured center cut gluten-free sliced bacon, 10-12 slices per pound, layflat"
922522_4091597,SIGNATURE GREAT RECIPE BACON 13 17 SLICES PER POUND | BACON LAYFLAT 13/17 CONTRL LBL,"Sliced bacon, 13-17 slices per pound, layflat"
924957_7010588,BACN E&P 6/3 LB | BACON END & PIECES,Bacon end and pieces
939333_3949825,SYSCO IMPERIAL PCK BAC 13/17 | BACON 13/17 CT PRECOOKED C/C DELUXE | BACON PRECOOKED C/C 14/18 DLUX,"Fully cooked sliced bacon, 13-17 slices per pound"
950759_3833377,HORMEL REGULAR COOKED ALL NATURAL 0 375 INCH BACON TOPPING | BACON TOPPING NAT REG CKD 3/8,"Fully cooked all‑natural bacon topping, 3/8‑inch pieces."
951180_0096032,"CKD BACON TOPPING 3/8"" | BACON TOPPING 3/8","Fully cooked bacon topping, 3/8-inch pieces"
9607365_4917282,BACN 18/22 SLC 319706 | BACON  PORK 18-22 SLCD LA,"Sliced bacon, 18-22 slices per pound, layflat"
964599_4478907,BACON PRECOOKED 13/17 BCN1 BLK,"Fully cooked sliced bacon, 13-17 slices per pound"
970174_4463325,BACON PRECOOKED 9/13 288 SLC | BACON PRECOOKED C/C 9/13 BCN1,
975803_4580173,MCALISTERS PC BACON 1200 SLICE | BACON PRECOOKED APLWD SLI THK,Fully cooked applewood-smoked sliced bacon
